year,sex,top1_name,top1_count,top1_pct,top10_names
1880,M,John,9655,8.738347361752195,John|William|James|Charles|George|Frank|Joseph|Thomas|Henry|Robert
1880,F,Mary,7065,7.764248192188496,Mary|Anna|Emma|Elizabeth|Minnie|Margaret|Ida|Alice|Bertha|Sarah
1881,M,John,8768,8.704025413212884,John|William|James|George|Charles|Frank|Joseph|Henry|Thomas|Edward
1881,F,Mary,6919,7.524496210020335,Mary|Anna|Emma|Elizabeth|Margaret|Minnie|Ida|Annie|Bertha|Alice
1882,M,John,9557,8.406488046021497,John|William|James|George|Charles|Frank|Joseph|Thomas|Henry|Robert
1882,F,Mary,8148,7.555147570168851,Mary|Anna|Emma|Elizabeth|Minnie|Margaret|Ida|Alice|Bertha|Annie
1883,M,John,8894,8.500836320191159,John|William|James|Charles|George|Frank|Joseph|Henry|Robert|Thomas
1883,F,Mary,8012,7.133127376002707,Mary|Anna|Emma|Elizabeth|Minnie|Margaret|Bertha|Ida|Annie|Clara
1884,M,John,9388,8.203282011848795,John|William|James|George|Charles|Frank|Joseph|Thomas|Henry|Robert
1884,F,Mary,9217,7.143909036653516,Mary|Anna|Emma|Elizabeth|Minnie|Margaret|Ida|Clara|Bertha|Annie
1885,M,John,8756,8.12252432768393,John|William|James|George|Charles|Frank|Joseph|Henry|Robert|Thomas
1885,F,Mary,9128,6.860320919920333,Mary|Anna|Emma|Elizabeth|Margaret|Minnie|Clara|Bertha|Ida|Annie
1886,M,John,9026,8.147459447749203,John|William|James|George|Charles|Frank|Joseph|Robert|Henry|Thomas
1886,F,Mary,9889,6.842036074806446,Mary|Anna|Emma|Elizabeth|Minnie|Margaret|Ida|Bertha|Clara|Florence
1887,M,John,8110,7.997160071392649,John|William|James|George|Charles|Frank|Joseph|Henry|Thomas|Edward
1887,F,Mary,9888,6.77348422054925,Mary|Anna|Elizabeth|Emma|Margaret|Minnie|Bertha|Clara|Florence|Ida
1888,M,John,9247,7.651507629166253,John|William|James|George|Charles|Frank|Joseph|Robert|Harry|Henry
1888,F,Mary,11754,6.58037643739293,Mary|Anna|Elizabeth|Emma|Margaret|Minnie|Bertha|Florence|Ethel|Bessie
1889,M,John,8548,7.730150117561946,John|William|James|George|Charles|Frank|Joseph|Harry|Robert|Edward
1889,F,Mary,11648,6.530392563605171,Mary|Anna|Elizabeth|Margaret|Emma|Minnie|Florence|Ethel|Bessie|Clara
1890,M,John,8502,7.6578037181150025,John|William|James|George|Charles|Frank|Joseph|Robert|Henry|Harry
1890,F,Mary,12078,6.344253770150806,Mary|Anna|Elizabeth|Margaret|Emma|Florence|Ethel|Minnie|Clara|Bertha
1891,M,John,7680,7.5896077714421235,John|William|James|George|Charles|Frank|Joseph|Robert|Harry|Henry
1891,F,Mary,11704,6.3100462578579055,Mary|Anna|Margaret|Elizabeth|Emma|Florence|Ethel|Minnie|Helen|Bertha
1892,M,John,9039,7.406891465563158,John|William|James|George|Charles|Frank|Joseph|Robert|Harry|Henry
1892,F,Mary,13172,6.2032881383071405,Mary|Anna|Elizabeth|Margaret|Ruth|Florence|Emma|Ethel|Helen|Clara
1893,M,John,8049,7.1662600829786856,John|William|James|George|Charles|Joseph|Frank|Robert|Edward|Harry
1893,F,Mary,12784,6.004556022639205,Mary|Anna|Ruth|Margaret|Elizabeth|Helen|Florence|Ethel|Emma|Bertha
1894,M,John,8237,7.115092253472461,John|William|James|George|Charles|Joseph|Frank|Robert|Henry|Harry
1894,F,Mary,13151,5.8993728748172005,Mary|Anna|Margaret|Helen|Elizabeth|Ruth|Ethel|Florence|Emma|Marie
1895,M,John,8320,7.087305035223565,John|William|James|George|Charles|Frank|Joseph|Robert|Henry|Edward
1895,F,Mary,13447,5.755755969986346,Mary|Anna|Helen|Margaret|Elizabeth|Ruth|Florence|Ethel|Marie|Emma
1896,M,John,8138,6.806282722513089,John|William|James|George|Charles|Joseph|Frank|Robert|Edward|Henry
1896,F,Mary,13811,5.804941198227961,Mary|Anna|Helen|Margaret|Ruth|Ethel|Elizabeth|Florence|Marie|Emma
1897,M,John,7550,6.695814893975541,John|William|James|George|Charles|Joseph|Frank|Robert|Edward|Henry
1897,F,Mary,13413,5.727156276686593,Mary|Anna|Helen|Margaret|Ruth|Elizabeth|Florence|Ethel|Marie|Emma
1898,M,John,8159,6.650364755267556,John|William|James|George|Charles|Joseph|Robert|Frank|Edward|Thomas
1898,F,Mary,14406,5.567105924179773,Mary|Anna|Helen|Margaret|Ruth|Florence|Elizabeth|Ethel|Marie|Lillian
1899,M,John,6990,6.581239231341386,John|William|James|George|Charles|Joseph|Robert|Frank|Edward|Henry
1899,F,Mary,13172,5.652660896134716,Mary|Anna|Helen|Margaret|Ruth|Florence|Elizabeth|Marie|Ethel|Lillian
1900,M,John,9828,6.531360899557398,John|William|James|George|Charles|Robert|Joseph|Frank|Edward|Henry
1900,F,Mary,16705,5.5723454220372,Mary|Helen|Anna|Margaret|Ruth|Elizabeth|Florence|Ethel|Marie|Lillian
1901,M,John,6900,6.480881399870382,John|William|James|George|Charles|Joseph|Robert|Frank|Edward|Henry
1901,F,Mary,13136,5.488311851093609,Mary|Helen|Anna|Margaret|Ruth|Elizabeth|Marie|Florence|Ethel|Lillian
1902,M,John,7907,6.446274254035546,John|William|James|George|Charles|Robert|Joseph|Frank|Edward|Henry
1902,F,Mary,14486,5.485604359400621,Mary|Helen|Anna|Margaret|Ruth|Elizabeth|Florence|Marie|Ethel|Alice
1903,M,John,7608,6.380944393189633,John|William|James|George|Charles|Joseph|Robert|Frank|Edward|Thomas
1903,F,Mary,14275,5.449097224873077,Mary|Helen|Anna|Margaret|Ruth|Elizabeth|Marie|Florence|Ethel|Mildred
1904,M,John,8108,6.328343297794289,John|William|James|George|Robert|Charles|Joseph|Frank|Edward|Henry
1904,F,Mary,14961,5.4331918231570695,Mary|Helen|Anna|Margaret|Ruth|Elizabeth|Marie|Florence|Mildred|Dorothy
1905,M,John,8059,6.0911825616374164,John|William|James|George|Charles|Robert|Joseph|Frank|Edward|Thomas
1905,F,Mary,16067,5.5096428179523755,Mary|Helen|Margaret|Anna|Ruth|Elizabeth|Dorothy|Mildred|Marie|Alice
1906,M,John,8264,6.206347537437854,John|William|James|George|Robert|Charles|Joseph|Frank|Edward|Thomas
1906,F,Mary,16370,5.5435713874506005,Mary|Helen|Margaret|Anna|Ruth|Dorothy|Elizabeth|Alice|Mildred|Florence
1907,M,John,8983,6.118126217427431,John|William|James|George|Robert|Charles|Joseph|Frank|Edward|Henry
1907,F,Mary,17580,5.518514333069651,Mary|Helen|Margaret|Anna|Ruth|Dorothy|Elizabeth|Mildred|Alice|Marie
1908,M,John,9343,6.053635874741637,John|William|James|George|Robert|Joseph|Charles|Frank|Edward|Thomas
1908,F,Mary,18665,5.583107994926895,Mary|Helen|Margaret|Ruth|Anna|Dorothy|Elizabeth|Mildred|Alice|Marie
1909,M,John,9590,5.847703602526891,John|William|James|George|Robert|Joseph|Charles|Frank|Edward|Thomas
1909,F,Mary,19259,5.546499706244888,Mary|Helen|Margaret|Ruth|Dorothy|Anna|Elizabeth|Mildred|Marie|Alice
1910,M,John,11450,5.895740649200857,John|James|William|Robert|George|Joseph|Charles|Frank|Edward|Henry
1910,F,Mary,22848,5.762377586046007,Mary|Helen|Margaret|Dorothy|Ruth|Anna|Elizabeth|Mildred|Marie|Alice
1911,M,John,13446,5.950373723829375,John|William|James|George|Robert|Joseph|Charles|Frank|Edward|Thomas
1911,F,Mary,24390,5.8306180359495015,Mary|Helen|Margaret|Dorothy|Ruth|Anna|Elizabeth|Mildred|Marie|Frances
1912,M,John,24588,5.718897621312593,John|William|James|Robert|Joseph|George|Charles|Edward|Frank|Thomas
1912,F,Mary,32304,5.788012950643143,Mary|Helen|Dorothy|Margaret|Ruth|Mildred|Anna|Elizabeth|Frances|Marie
1913,M,John,29329,5.722005989484261,John|William|James|Robert|Joseph|George|Charles|Edward|Frank|Thomas
1913,F,Mary,36642,5.866991169571448,Mary|Helen|Dorothy|Margaret|Ruth|Mildred|Anna|Elizabeth|Frances|Marie
1914,M,John,37947,5.79554097519404,John|William|James|Robert|Joseph|George|Charles|Edward|Frank|Walter
1914,F,Mary,45346,5.954184841553503,Mary|Helen|Dorothy|Margaret|Ruth|Anna|Mildred|Elizabeth|Frances|Marie
1915,M,John,47576,5.606582336955881,John|William|James|Robert|Joseph|George|Charles|Edward|Frank|Thomas
1915,F,Mary,58187,5.914202542658855,Mary|Helen|Dorothy|Margaret|Ruth|Mildred|Anna|Elizabeth|Frances|Evelyn
1916,M,John,50043,5.622284663340385,John|William|James|Robert|Joseph|Charles|George|Edward|Frank|Thomas
1916,F,Mary,61438,5.882983796371659,Mary|Helen|Dorothy|Margaret|Ruth|Mildred|Anna|Elizabeth|Frances|Virginia
1917,M,John,51852,5.602696105709127,John|William|James|Robert|Joseph|George|Charles|Edward|Frank|Thomas
1917,F,Mary,64280,5.944877629669638,Mary|Helen|Dorothy|Margaret|Ruth|Mildred|Anna|Elizabeth|Frances|Virginia
1918,M,John,56558,5.5805738643091125,John|William|James|Robert|Charles|George|Joseph|Edward|Frank|Thomas
1918,F,Mary,67365,5.819211821383498,Mary|Helen|Dorothy|Margaret|Ruth|Mildred|Virginia|Frances|Elizabeth|Anna
1919,M,John,53523,5.460817362630187,John|William|James|Robert|Charles|George|Joseph|Edward|Frank|Thomas
1919,F,Mary,65836,5.825591509551666,Mary|Helen|Dorothy|Margaret|Ruth|Mildred|Virginia|Elizabeth|Frances|Anna
1920,M,John,56913,5.347187120074712,John|William|Robert|James|Charles|George|Joseph|Edward|Frank|Richard
1920,F,Mary,70983,5.9236962035034955,Mary|Dorothy|Helen|Margaret|Ruth|Mildred|Virginia|Elizabeth|Frances|Anna
1921,M,John,58215,5.285320128885003,John|Robert|William|James|Charles|George|Joseph|Edward|Frank|Richard
1921,F,Mary,73984,6.000042171576682,Mary|Dorothy|Helen|Margaret|Ruth|Virginia|Mildred|Betty|Frances|Elizabeth
1922,M,John,57281,5.264033348098346,John|Robert|William|James|Charles|George|Joseph|Edward|Richard|Frank
1922,F,Mary,72176,6.009668625593048,Mary|Dorothy|Helen|Margaret|Ruth|Betty|Virginia|Mildred|Elizabeth|Frances
1923,M,John,57467,5.242818004413794,John|Robert|William|James|Charles|George|Joseph|Edward|Richard|Donald
1923,F,Mary,71635,5.938052275749105,Mary|Dorothy|Helen|Margaret|Betty|Ruth|Virginia|Mildred|Elizabeth|Frances
1924,M,Robert,60799,5.367413437999617,Robert|John|William|James|Charles|George|Joseph|Richard|Edward|Donald
1924,F,Mary,73534,5.888056934805707,Mary|Dorothy|Helen|Betty|Margaret|Ruth|Virginia|Mildred|Doris|Frances
1925,M,Robert,60896,5.457036679251235,Robert|John|William|James|Charles|George|Joseph|Richard|Edward|Donald
1925,F,Mary,70586,5.798165740501156,Mary|Dorothy|Betty|Helen|Margaret|Ruth|Virginia|Doris|Mildred|Elizabeth
1926,M,Robert,61130,5.5047077723268,Robert|John|James|William|Charles|George|Richard|Joseph|Donald|Edward
1926,F,Mary,67833,5.722367367667144,Mary|Dorothy|Betty|Helen|Margaret|Ruth|Doris|Virginia|Mildred|Frances
1927,M,Robert,61674,5.472768817800652,Robert|John|James|William|Charles|Richard|George|Donald|Joseph|Edward
1927,F,Mary,70642,5.924190289936625,Mary|Dorothy|Betty|Helen|Margaret|Ruth|Doris|Virginia|Shirley|Barbara
1928,M,Robert,60701,5.480304183470699,Robert|John|James|William|Charles|Richard|Donald|George|Joseph|Edward
1928,F,Mary,66872,5.798232402713217,Mary|Betty|Dorothy|Helen|Margaret|Ruth|Doris|Barbara|Virginia|Shirley
1929,M,Robert,59808,5.5603952001056145,Robert|James|John|William|Charles|Richard|Donald|George|Joseph|Edward
1929,F,Mary,63511,5.688126145264806,Mary|Betty|Dorothy|Helen|Margaret|Doris|Barbara|Ruth|Shirley|Patricia
1930,M,Robert,62152,5.663738749206054,Robert|James|John|William|Richard|Charles|Donald|George|Joseph|Edward
1930,F,Mary,64153,5.6978242700864445,Mary|Betty|Dorothy|Helen|Margaret|Barbara|Patricia|Joan|Doris|Ruth
1931,M,Robert,60520,5.821105836976334,Robert|James|John|William|Richard|Charles|Donald|George|Joseph|Thomas
1931,F,Mary,60299,5.663350937286036,Mary|Betty|Dorothy|Barbara|Joan|Helen|Margaret|Patricia|Shirley|Doris
1932,M,Robert,59268,5.676179640340065,Robert|James|John|William|Richard|Charles|Donald|George|Joseph|Thomas
1932,F,Mary,59881,5.611364228431562,Mary|Betty|Barbara|Dorothy|Joan|Patricia|Margaret|Helen|Shirley|Doris
1933,M,Robert,54219,5.468304027981451,Robert|James|John|William|Richard|Charles|Donald|George|Joseph|Thomas
1933,F,Mary,55517,5.508004996363845,Mary|Betty|Barbara|Dorothy|Joan|Patricia|Margaret|Helen|Shirley|Doris
1934,M,Robert,55843,5.408046361047114,Robert|James|John|William|Richard|Donald|Charles|George|Thomas|Joseph
1934,F,Mary,56931,5.451985922574158,Mary|Betty|Barbara|Shirley|Dorothy|Patricia|Joan|Margaret|Helen|Nancy
1935,M,Robert,56525,5.428185655953382,Robert|James|John|William|Richard|Charles|Donald|George|Thomas|Joseph
1935,F,Mary,55074,5.252265930175781,Mary|Shirley|Barbara|Betty|Patricia|Dorothy|Joan|Margaret|Nancy|Helen
1936,M,Robert,58501,5.640270651232836,Robert|James|John|William|Richard|Charles|Donald|Thomas|George|David
1936,F,Mary,54374,5.226379693495429,Mary|Shirley|Barbara|Betty|Patricia|Dorothy|Joan|Nancy|Margaret|Carol
1937,M,Robert,61842,5.7978704952875075,Robert|James|John|William|Richard|Charles|Donald|David|Thomas|George
1937,F,Mary,55643,5.229423412907634,Mary|Barbara|Patricia|Shirley|Betty|Carol|Nancy|Dorothy|Joan|Margaret
1938,M,Robert,62270,5.614249573093436,Robert|James|John|William|Richard|Charles|Donald|David|Thomas|Ronald
1938,F,Mary,56225,5.095465783120301,Mary|Barbara|Patricia|Betty|Shirley|Carol|Nancy|Dorothy|Margaret|Joan
1939,M,Robert,59659,5.390073100590786,Robert|James|John|William|Richard|Charles|David|Donald|Thomas|Ronald
1939,F,Mary,54900,5.0063331482175535,Mary|Barbara|Patricia|Betty|Shirley|Carol|Nancy|Judith|Dorothy|Margaret
1940,M,James,62481,5.390159148630742,James|Robert|John|William|Richard|Charles|David|Thomas|Donald|Ronald
1940,F,Mary,56214,4.915886689922406,Mary|Barbara|Patricia|Judith|Betty|Carol|Nancy|Linda|Shirley|Sandra
1941,M,James,66752,5.4345029715867454,James|Robert|John|William|Richard|Charles|David|Thomas|Ronald|Donald
1941,F,Mary,58049,4.804883600620797,Mary|Barbara|Patricia|Carol|Linda|Judith|Betty|Nancy|Sandra|Shirley
1942,M,James,77180,5.588193980853304,James|Robert|John|William|Richard|David|Charles|Thomas|Ronald|Donald
1942,F,Mary,63255,4.683155004990034,Mary|Barbara|Patricia|Linda|Carol|Sandra|Judith|Nancy|Betty|Carolyn
1943,M,James,80275,5.62437774519029,James|Robert|John|William|Richard|David|Charles|Thomas|Ronald|Michael
1943,F,Mary,66176,4.7428133219617425,Mary|Barbara|Patricia|Linda|Carol|Sandra|Judith|Sharon|Nancy|Betty
1944,M,James,76951,5.646271381443784,James|Robert|John|William|Richard|David|Charles|Thomas|Michael|Ronald
1944,F,Mary,62472,4.706999242775285,Mary|Barbara|Linda|Patricia|Carol|Sandra|Nancy|Sharon|Judith|Betty
1945,M,James,74466,5.5331486622242565,James|Robert|John|William|Richard|David|Charles|Thomas|Michael|Ronald
1945,F,Mary,59281,4.535327987122579,Mary|Linda|Barbara|Patricia|Carol|Sandra|Nancy|Sharon|Judith|Susan
1946,M,James,87436,5.383956995338698,James|Robert|John|William|Richard|David|Michael|Thomas|Charles|Ronald
1946,F,Mary,67467,4.293714046421523,Mary|Linda|Patricia|Barbara|Carol|Sandra|Nancy|Susan|Sharon|Judith
1947,M,James,94763,5.1795372123974825,James|Robert|John|William|Richard|David|Michael|Thomas|Charles|Larry
1947,F,Linda,99693,5.623613388637021,Linda|Mary|Patricia|Barbara|Sandra|Carol|Nancy|Susan|Sharon|Donna
1948,M,James,88604,5.049768752689336,James|Robert|John|William|David|Michael|Richard|Thomas|Charles|Ronald
1948,F,Linda,96216,5.666754814615441,Linda|Mary|Barbara|Patricia|Susan|Sandra|Nancy|Carol|Sharon|Kathleen
1949,M,James,86859,4.89648267721063,James|Robert|John|William|Michael|David|Richard|Thomas|Charles|Larry
1949,F,Linda,91016,5.31986650066925,Linda|Mary|Patricia|Barbara|Susan|Sandra|Nancy|Carol|Kathleen|Sharon
1950,M,James,86223,4.816114823085714,James|Robert|John|Michael|David|William|Richard|Thomas|Charles|Gary
1950,F,Linda,80431,4.6951763398277695,Linda|Mary|Patricia|Barbara|Susan|Nancy|Deborah|Sandra|Carol|Kathleen
1951,M,James,87257,4.634277304591258,James|Robert|John|Michael|David|William|Richard|Thomas|Charles|Gary
1951,F,Linda,73982,4.108107267677211,Linda|Mary|Patricia|Deborah|Barbara|Susan|Nancy|Karen|Sandra|Kathleen
1952,M,James,87066,4.479475629802461,James|Robert|John|Michael|David|William|Richard|Thomas|Charles|Gary
1952,F,Linda,67081,3.61751350884951,Linda|Mary|Patricia|Deborah|Susan|Barbara|Nancy|Karen|Debra|Sandra
1953,M,Robert,86245,4.37275582231335,Robert|James|Michael|John|David|William|Richard|Thomas|Charles|Gary
1953,F,Mary,64390,3.422600538558606,Mary|Linda|Deborah|Patricia|Susan|Barbara|Debra|Nancy|Karen|Pamela
1954,M,Michael,88564,4.343940584482787,Michael|Robert|James|John|David|William|Richard|Thomas|Gary|Charles
1954,F,Mary,68019,3.5026782854441545,Mary|Linda|Deborah|Patricia|Susan|Debra|Barbara|Karen|Nancy|Cynthia
1955,M,Michael,88352,4.289346398025828,Michael|David|James|Robert|John|William|Richard|Thomas|Mark|Steven
1955,F,Mary,63173,3.2308944145566945,Mary|Deborah|Linda|Debra|Susan|Patricia|Barbara|Karen|Nancy|Donna
1956,M,Michael,90691,4.287337814290212,Michael|James|Robert|David|John|William|Richard|Mark|Thomas|Steven
1956,F,Mary,61743,3.0752870800885583,Mary|Debra|Linda|Deborah|Susan|Patricia|Karen|Cynthia|Barbara|Donna
1957,M,Michael,92786,4.301024428684004,Michael|James|David|Robert|John|William|Mark|Richard|Thomas|Steven
1957,F,Mary,61103,2.988151168573822,Mary|Susan|Linda|Debra|Karen|Deborah|Cynthia|Patricia|Barbara|Donna
1958,M,Michael,90598,4.268871325085026,Michael|David|James|Robert|John|William|Mark|Richard|Thomas|Steven
1958,F,Mary,55846,2.7761842504262755,Mary|Susan|Linda|Karen|Patricia|Debra|Deborah|Cynthia|Barbara|Donna
1959,M,Michael,85291,3.995792965163128,Michael|David|James|John|Robert|Mark|William|Richard|Thomas|Steven
1959,F,Mary,54504,2.693588050637716,Mary|Susan|Linda|Karen|Donna|Patricia|Debra|Cynthia|Deborah|Lisa
1960,M,David,85908,4.029616565388395,David|Michael|James|John|Robert|Mark|William|Richard|Thomas|Steven
1960,F,Mary,51468,2.5455264849893666,Mary|Susan|Linda|Karen|Donna|Lisa|Patricia|Debra|Cynthia|Deborah
1961,M,Michael,86968,4.094654274602861,Michael|David|John|James|Robert|Mark|William|Richard|Thomas|Steven
1961,F,Mary,47688,2.3627091486607203,Mary|Lisa|Susan|Linda|Karen|Patricia|Donna|Cynthia|Sandra|Deborah
1962,M,Michael,85056,4.111488152208591,Michael|David|John|James|Robert|Mark|William|Richard|Thomas|Jeffrey
1962,F,Lisa,46074,2.3427870592973163,Lisa|Mary|Susan|Karen|Linda|Patricia|Donna|Cynthia|Deborah|Sandra
1963,M,Michael,83757,4.124306805054525,Michael|John|David|James|Robert|Mark|William|Richard|Thomas|Jeffrey
1963,F,Lisa,56040,2.907564961040497,Lisa|Mary|Susan|Karen|Linda|Donna|Patricia|Lori|Sandra|Cynthia
1964,M,Michael,82619,4.145968771876121,Michael|John|David|James|Robert|Mark|William|Richard|Thomas|Jeffrey
1964,F,Lisa,54271,2.864131725466396,Lisa|Mary|Susan|Karen|Patricia|Kimberly|Donna|Linda|Cynthia|Tammy
1965,M,Michael,81002,4.354234576714344,Michael|John|David|James|Robert|William|Mark|Richard|Thomas|Jeffrey
1965,F,Lisa,60269,3.4143937183630806,Lisa|Mary|Karen|Kimberly|Susan|Patricia|Donna|Linda|Cynthia|Angela
1966,M,Michael,79984,4.484700188282947,Michael|David|James|John|Robert|William|Mark|Richard|Jeffrey|Thomas
1966,F,Lisa,56918,3.3636120269311163,Lisa|Kimberly|Mary|Michelle|Karen|Susan|Patricia|Tammy|Angela|Jennifer
1967,M,Michael,82412,4.725794723936794,Michael|David|James|John|Robert|William|Mark|Richard|Christopher|Brian
1967,F,Lisa,52436,3.1759741396384418,Lisa|Kimberly|Michelle|Mary|Susan|Karen|Angela|Tammy|Melissa|Jennifer
1968,M,Michael,81974,4.716443226218853,Michael|David|John|James|Robert|William|Mark|Richard|Christopher|Brian
1968,F,Lisa,49533,3.0196309847924185,Lisa|Michelle|Kimberly|Jennifer|Melissa|Mary|Angela|Tammy|Karen|Susan
1969,M,Michael,85159,4.761992634370181,Michael|David|James|John|Robert|William|Christopher|Mark|Brian|Richard
1969,F,Lisa,45028,2.669089878762336,Lisa|Michelle|Jennifer|Kimberly|Melissa|Amy|Angela|Mary|Tammy|Laura
1970,M,Michael,85271,4.588520492586185,Michael|James|David|John|Robert|Christopher|William|Brian|Mark|Richard
1970,F,Jennifer,46150,2.639920053038654,Jennifer|Lisa|Kimberly|Michelle|Amy|Angela|Melissa|Tammy|Mary|Tracy
1971,M,Michael,77585,4.387004041234502,Michael|James|David|John|Robert|Christopher|William|Jason|Brian|Scott
1971,F,Jennifer,56771,3.4120550342702045,Jennifer|Michelle|Lisa|Kimberly|Amy|Angela|Melissa|Tammy|Mary|Julie
1972,M,Michael,71391,4.402074785510539,Michael|Christopher|James|David|John|Robert|Jason|Brian|William|Matthew
1972,F,Jennifer,63602,4.180942338992766,Jennifer|Michelle|Lisa|Kimberly|Amy|Angela|Melissa|Stephanie|Heather|Nicole
1973,M,Michael,67808,4.35038122294164,Michael|Christopher|Jason|James|David|John|Robert|Brian|William|Matthew
1973,F,Jennifer,62447,4.282415741394125,Jennifer|Amy|Michelle|Kimberly|Lisa|Melissa|Angela|Heather|Stephanie|Rebecca
1974,M,Michael,67535,4.294879214272722,Michael|Jason|Christopher|David|James|John|Robert|Brian|Matthew|William
1974,F,Jennifer,63106,4.300106640682228,Jennifer|Amy|Michelle|Heather|Angela|Kimberly|Melissa|Lisa|Stephanie|Rebecca
1975,M,Michael,68422,4.381888127428396,Michael|Jason|Christopher|James|David|Robert|John|Brian|Matthew|William
1975,F,Jennifer,58187,3.991094167653803,Jennifer|Amy|Heather|Melissa|Angela|Michelle|Kimberly|Lisa|Stephanie|Nicole
1976,M,Michael,66917,4.264500077748406,Michael|Jason|Christopher|David|James|John|Robert|Brian|Matthew|Daniel
1976,F,Jennifer,59472,4.059145362614801,Jennifer|Amy|Melissa|Heather|Angela|Michelle|Kimberly|Jessica|Lisa|Amanda
1977,M,Michael,67588,4.112890908106207,Michael|Jason|Christopher|David|James|Robert|John|Brian|Matthew|Joseph
1977,F,Jennifer,58964,3.8458804061902994,Jennifer|Melissa|Amy|Jessica|Heather|Angela|Michelle|Kimberly|Amanda|Kelly
1978,M,Michael,67133,4.0885469163088155,Michael|Jason|Christopher|David|James|Matthew|John|Robert|Brian|Joseph
1978,F,Jennifer,56318,3.6763664302924557,Jennifer|Melissa|Jessica|Amy|Heather|Amanda|Angela|Sarah|Michelle|Nicole
1979,M,Michael,67718,3.9332443893562288,Michael|Christopher|Jason|David|James|Matthew|John|Robert|Joshua|Brian
1979,F,Jennifer,56716,3.533009368243157,Jennifer|Melissa|Amanda|Jessica|Amy|Sarah|Heather|Angela|Nicole|Michelle
1980,M,Michael,68687,3.849928619912102,Michael|Christopher|Jason|David|James|Matthew|Joshua|John|Robert|Joseph
1980,F,Jennifer,58378,3.515910370725038,Jennifer|Amanda|Jessica|Melissa|Sarah|Heather|Nicole|Amy|Elizabeth|Michelle
1981,M,Michael,68759,3.8384607526194414,Michael|Christopher|Matthew|Jason|David|Joshua|James|John|Robert|Daniel
1981,F,Jennifer,57048,3.420024963160753,Jennifer|Jessica|Amanda|Sarah|Melissa|Amy|Nicole|Stephanie|Elizabeth|Heather
1982,M,Michael,68228,3.759899439167254,Michael|Christopher|Matthew|Jason|David|James|Joshua|John|Robert|Daniel
1982,F,Jennifer,57118,3.373098948290921,Jennifer|Jessica|Amanda|Sarah|Melissa|Nicole|Stephanie|Elizabeth|Crystal|Amy
1983,M,Michael,67997,3.79302342964691,Michael|Christopher|Matthew|David|Joshua|James|Jason|Daniel|John|Robert
1983,F,Jennifer,54355,3.2535182350853233,Jennifer|Jessica|Amanda|Ashley|Sarah|Melissa|Nicole|Stephanie|Heather|Elizabeth
1984,M,Michael,67741,3.7531053801472853,Michael|Christopher|Matthew|Joshua|David|Daniel|James|John|Robert|Joseph
1984,F,Jennifer,50563,3.002869066404248,Jennifer|Jessica|Ashley|Amanda|Sarah|Stephanie|Nicole|Melissa|Heather|Elizabeth
1985,M,Michael,64936,3.513345203912638,Michael|Christopher|Matthew|Joshua|Daniel|David|James|Robert|John|Joseph
1985,F,Jessica,48348,2.809553224785759,Jessica|Ashley|Jennifer|Amanda|Sarah|Stephanie|Nicole|Heather|Elizabeth|Megan
1986,M,Michael,64236,3.488186453655384,Michael|Christopher|Matthew|Joshua|David|Daniel|James|Andrew|Robert|John
1986,F,Jessica,52684,3.0709720742293425,Jessica|Ashley|Amanda|Jennifer|Sarah|Stephanie|Nicole|Brittany|Heather|Elizabeth
1987,M,Michael,63663,3.409923556180208,Michael|Christopher|Matthew|Joshua|David|Andrew|Daniel|James|Justin|Robert
1987,F,Jessica,55996,3.2207115750289597,Jessica|Ashley|Amanda|Jennifer|Sarah|Stephanie|Brittany|Nicole|Heather|Elizabeth
1988,M,Michael,64168,3.3521817809484404,Michael|Christopher|Matthew|Joshua|Andrew|David|Justin|Daniel|James|Robert
1988,F,Jessica,51557,2.895115583939372,Jessica|Ashley|Amanda|Sarah|Jennifer|Brittany|Stephanie|Samantha|Nicole|Elizabeth
1989,M,Michael,65409,3.268980593223346,Michael|Christopher|Matthew|Joshua|David|Daniel|Andrew|Justin|James|Robert
1989,F,Jessica,47887,2.597545602284291,Jessica|Ashley|Brittany|Amanda|Sarah|Samantha|Jennifer|Stephanie|Lauren|Elizabeth
1990,M,Michael,65318,3.180100878303375,Michael|Christopher|Matthew|Joshua|Daniel|David|Andrew|James|Justin|Joseph
1990,F,Jessica,46486,2.4485414412715603,Jessica|Ashley|Brittany|Amanda|Samantha|Sarah|Stephanie|Jennifer|Elizabeth|Lauren
1991,M,Michael,60807,3.009819891926246,Michael|Christopher|Matthew|Joshua|Andrew|Daniel|James|David|Joseph|John
1991,F,Ashley,43477,2.3188005405930094,Ashley|Jessica|Brittany|Amanda|Samantha|Sarah|Stephanie|Jennifer|Elizabeth|Emily
1992,M,Michael,54409,2.7240361936489386,Michael|Christopher|Matthew|Joshua|Andrew|Brandon|Daniel|Tyler|James|David
1992,F,Ashley,38461,2.085843855380914,Ashley|Jessica|Amanda|Brittany|Sarah|Samantha|Emily|Stephanie|Elizabeth|Megan
1993,M,Michael,49568,2.527360018274004,Michael|Christopher|Matthew|Joshua|Tyler|Brandon|Daniel|Nicholas|Jacob|Andrew
1993,F,Jessica,34993,1.9343590435279154,Jessica|Ashley|Sarah|Samantha|Emily|Brittany|Taylor|Amanda|Elizabeth|Stephanie
1994,M,Michael,44475,2.3021008514279235,Michael|Christopher|Matthew|Joshua|Tyler|Brandon|Jacob|Daniel|Nicholas|Andrew
1994,F,Jessica,32122,1.7988242290793304,Jessica|Ashley|Emily|Samantha|Sarah|Taylor|Brittany|Amanda|Elizabeth|Megan
1995,M,Michael,41410,2.1753165398126004,Michael|Matthew|Christopher|Jacob|Joshua|Nicholas|Tyler|Brandon|Daniel|Austin
1995,F,Jessica,27939,1.588775586798929,Jessica|Ashley|Emily|Samantha|Sarah|Taylor|Hannah|Brittany|Amanda|Elizabeth
1996,M,Michael,38373,2.0257803554261806,Michael|Matthew|Jacob|Christopher|Joshua|Nicholas|Tyler|Brandon|Austin|Andrew
1996,F,Emily,25150,1.4347145003713713,Emily|Jessica|Ashley|Sarah|Samantha|Taylor|Hannah|Alexis|Rachel|Elizabeth
1997,M,Michael,37557,1.9923186691351606,Michael|Jacob|Matthew|Christopher|Joshua|Nicholas|Andrew|Brandon|Austin|Tyler
1997,F,Emily,25735,1.4784630418709235,Emily|Jessica|Ashley|Sarah|Hannah|Samantha|Taylor|Alexis|Elizabeth|Madison
1998,M,Michael,36619,1.9159030574713365,Michael|Jacob|Matthew|Joshua|Christopher|Nicholas|Brandon|Tyler|Andrew|Austin
1998,F,Emily,26188,1.4821530950727522,Emily|Hannah|Samantha|Sarah|Ashley|Alexis|Taylor|Jessica|Madison|Elizabeth
1999,M,Jacob,35371,1.8421561106345703,Jacob|Michael|Matthew|Joshua|Nicholas|Christopher|Andrew|Joseph|Daniel|Tyler
1999,F,Emily,26542,1.4963524225101197,Emily|Hannah|Alexis|Sarah|Samantha|Ashley|Madison|Taylor|Jessica|Elizabeth
2000,M,Jacob,34491,1.7562217021770612,Jacob|Michael|Matthew|Joshua|Christopher|Nicholas|Andrew|Joseph|Daniel|Tyler
2000,F,Emily,25959,1.429482392900331,Emily|Hannah|Madison|Ashley|Sarah|Alexis|Samantha|Jessica|Elizabeth|Taylor
2001,M,Jacob,32573,1.6765740303711438,Jacob|Michael|Matthew|Joshua|Christopher|Nicholas|Andrew|Joseph|Daniel|William
2001,F,Emily,25059,1.3917344557995601,Emily|Madison|Hannah|Ashley|Alexis|Sarah|Samantha|Abigail|Elizabeth|Olivia
2002,M,Jacob,30586,1.5754033925822224,Jacob|Michael|Joshua|Matthew|Ethan|Andrew|Joseph|Christopher|Nicholas|Daniel
2002,F,Emily,24469,1.361794726238577,Emily|Madison|Hannah|Emma|Alexis|Ashley|Abigail|Sarah|Samantha|Olivia
2003,M,Jacob,29658,1.5014663825534649,Jacob|Michael|Joshua|Matthew|Andrew|Joseph|Ethan|Daniel|Christopher|Anthony
2003,F,Emily,25693,1.406255986426206,Emily|Emma|Madison|Hannah|Olivia|Abigail|Alexis|Ashley|Elizabeth|Samantha
2004,M,Jacob,27906,1.4059840729705029,Jacob|Michael|Joshua|Matthew|Ethan|Andrew|Daniel|William|Joseph|Christopher
2004,F,Emily,25041,1.3637990088888476,Emily|Emma|Madison|Olivia|Hannah|Abigail|Isabella|Ashley|Samantha|Elizabeth
2005,M,Jacob,25851,1.2943964565452617,Jacob|Michael|Joshua|Matthew|Ethan|Andrew|Daniel|Anthony|Joseph|Christopher
2005,F,Emily,23950,1.2962074971126234,Emily|Emma|Madison|Abigail|Olivia|Isabella|Hannah|Samantha|Ava|Ashley
2006,M,Jacob,24867,1.210002924404864,Jacob|Michael|Joshua|Ethan|Matthew|Daniel|Andrew|Christopher|Anthony|William
2006,F,Emily,21411,1.1262604743644369,Emily|Emma|Madison|Isabella|Ava|Abigail|Olivia|Hannah|Sophia|Samantha
2007,M,Jacob,24308,1.171337222049551,Jacob|Michael|Ethan|Joshua|Daniel|Christopher|Anthony|William|Matthew|Andrew
2007,F,Emily,19366,1.0073614474877863,Emily|Isabella|Emma|Ava|Madison|Sophia|Olivia|Abigail|Hannah|Elizabeth
2008,M,Jacob,22622,1.1089503795931952,Jacob|Michael|Ethan|Joshua|Daniel|Alexander|Anthony|William|Christopher|Matthew
2008,F,Emma,18826,0.995706393021064,Emma|Isabella|Emily|Olivia|Ava|Madison|Sophia|Abigail|Elizabeth|Chloe
2009,M,Jacob,21202,1.0690236751281321,Jacob|Ethan|Michael|Alexander|William|Joshua|Daniel|Jayden|Noah|Christopher
2009,F,Isabella,22319,1.215056046426802,Isabella|Emma|Olivia|Sophia|Ava|Emily|Madison|Abigail|Chloe|Mia
2010,M,Jacob,22154,1.1548092901837563,Jacob|Ethan|Michael|Jayden|William|Alexander|Noah|Daniel|Aiden|Anthony
2010,F,Isabella,22935,1.2904209523627335,Isabella|Sophia|Emma|Olivia|Ava|Emily|Abigail|Madison|Chloe|Mia
2011,M,Jacob,20401,1.0743090530324573,Jacob|Mason|William|Jayden|Noah|Michael|Ethan|Alexander|Aiden|Daniel
2011,F,Sophia,21861,1.2429469116513265,Sophia|Isabella|Emma|Olivia|Ava|Emily|Abigail|Madison|Mia|Chloe
2012,M,Jacob,19104,1.0072629012060896,Jacob|Mason|Ethan|Noah|William|Liam|Michael|Jayden|Alexander|Aiden
2012,F,Sophia,22335,1.2684993031347012,Sophia|Emma|Isabella|Olivia|Ava|Emily|Abigail|Mia|Madison|Elizabeth
2013,M,Noah,18287,0.9669245907741635,Noah|Jacob|Liam|Mason|William|Ethan|Michael|Alexander|Jayden|Daniel
2013,F,Sophia,21253,1.2114023322900596,Sophia|Emma|Olivia|Isabella|Ava|Mia|Emily|Abigail|Madison|Elizabeth
2014,M,Noah,19338,1.006957263417375,Noah|Liam|Mason|Jacob|William|Ethan|Michael|Alexander|James|Daniel
2014,F,Emma,20962,1.1737256129415539,Emma|Olivia|Sophia|Isabella|Ava|Mia|Emily|Abigail|Madison|Charlotte
2015,M,Noah,19678,1.0268972132145044,Noah|Liam|Mason|Jacob|William|Ethan|James|Alexander|Michael|Benjamin
2015,F,Emma,20485,1.1478415423942119,Emma|Olivia|Sophia|Ava|Isabella|Mia|Abigail|Emily|Charlotte|Harper
2016,M,Noah,19187,1.011327159355053,Noah|Liam|William|Mason|James|Benjamin|Jacob|Michael|Elijah|Ethan
2016,F,Emma,19548,1.1034791090879532,Emma|Olivia|Ava|Sophia|Isabella|Mia|Charlotte|Abigail|Emily|Amelia
2017,M,Liam,18865,1.0195550275979737,Liam|Noah|William|James|Logan|Benjamin|Mason|Elijah|Jacob|Oliver
2017,F,Emma,19870,1.1512980639419472,Emma|Olivia|Ava|Isabella|Sophia|Mia|Charlotte|Amelia|Evelyn|Abigail
2018,M,Liam,19974,1.1002091465970576,Liam|Noah|William|James|Oliver|Benjamin|Elijah|Lucas|Mason|Logan
2018,F,Emma,18818,1.1066651611598048,Emma|Olivia|Ava|Isabella|Sophia|Charlotte|Mia|Amelia|Harper|Evelyn
2019,M,Liam,20622,1.149907910342647,Liam|Noah|Oliver|William|Elijah|James|Benjamin|Lucas|Mason|Alexander
2019,F,Olivia,18569,1.1068973492642937,Olivia|Emma|Ava|Sophia|Isabella|Charlotte|Amelia|Mia|Harper|Evelyn
2020,M,Liam,19858,1.1511450293177359,Liam|Noah|Oliver|Elijah|William|James|Benjamin|Lucas|Henry|Alexander
2020,F,Olivia,17682,1.0945136897776062,Olivia|Emma|Ava|Charlotte|Sophia|Amelia|Isabella|Mia|Evelyn|Harper
2021,M,Liam,20407,1.167290247260526,Liam|Noah|Oliver|Elijah|James|William|Benjamin|Lucas|Henry|Theodore
2021,F,Olivia,17841,1.0880569270701195,Olivia|Emma|Charlotte|Amelia|Ava|Sophia|Isabella|Mia|Evelyn|Harper
2022,M,Liam,20563,1.1788189796563007,Liam|Noah|Oliver|James|Elijah|William|Henry|Lucas|Benjamin|Theodore
2022,F,Olivia,16654,1.0162549534343608,Olivia|Emma|Charlotte|Amelia|Sophia|Isabella|Ava|Mia|Evelyn|Luna
2023,M,Liam,20886,1.2224393652867254,Liam|Noah|Oliver|James|Elijah|Mateo|Theodore|Henry|Lucas|William
2023,F,Olivia,15313,0.9554829672198147,Olivia|Emma|Charlotte|Amelia|Sophia|Mia|Isabella|Ava|Evelyn|Luna
2024,M,Liam,22164,1.2921256936780634,Liam|Noah|Oliver|Theodore|James|Henry|Mateo|Elijah|Lucas|William
2024,F,Olivia,14718,0.9123549146162754,Olivia|Emma|Amelia|Charlotte|Mia|Sophia|Isabella|Evelyn|Ava|Sofia
